{"cameraMode":{"drawMode":0,"name":"Shaded","section":"Shading Mode"},"sceneLighting":false,"audioPlay":false,"sceneViewState":{"showFog":false,"showMaterialUpdate":false,"showSkybox":false,"showFlares":false,"showImageEffects":false,"showParticleSystems":false},"in2DMode":false,"pivot":{"x":-1.341104507446289e-7,"y":0.806896984577179,"z":0.050720587372779849},"rotation":{"x":-0.2023569494485855,"y":0.5730802416801453,"z":-0.148659348487854,"w":-0.7800845503807068},"size":2.680964946746826,"orthographic":false}