{"cameraMode":{"drawMode":0,"name":"Shaded","section":"Shading Mode"},"sceneLighting":false,"audioPlay":false,"sceneViewState":{"showFog":false,"showMaterialUpdate":false,"showSkybox":false,"showFlares":false,"showImageEffects":false,"showParticleSystems":false},"in2DMode":false,"pivot":{"x":-6.582000732421875,"y":2.227313995361328,"z":-6.556510925292969e-7},"rotation":{"x":-0.37697383761405947,"y":0.26063260436058047,"z":-0.11113036423921585,"w":-0.8820908665657044},"size":1.135269045829773,"orthographic":false}