{"cameraMode":{"drawMode":0,"name":"Shaded","section":"Shading Mode"},"sceneLighting":false,"audioPlay":false,"sceneViewState":{"showFog":false,"showMaterialUpdate":false,"showSkybox":false,"showFlares":false,"showImageEffects":false,"showParticleSystems":false},"in2DMode":false,"pivot":{"x":-0.18961912393569947,"y":2.227313995361328,"z":-4.172325134277344e-7},"rotation":{"x":-0.29288947582244875,"y":-0.02648213319480419,"z":0.008485477417707444,"w":-0.9559813141822815},"size":1.135269045829773,"orthographic":false}