{"cameraMode":{"drawMode":0,"name":"Shaded","section":"Shading Mode"},"sceneLighting":false,"audioPlay":false,"sceneViewState":{"showFog":false,"showMaterialUpdate":false,"showSkybox":false,"showFlares":false,"showImageEffects":false,"showParticleSystems":false},"in2DMode":false,"pivot":{"x":-3.4099903106689455,"y":2.227313995361328,"z":-0.0000010132789611816407},"rotation":{"x":0.0945814922451973,"y":-0.1765083223581314,"z":0.01744229719042778,"w":0.9797743558883667},"size":1.135269045829773,"orthographic":false}