{"cameraMode":{"drawMode":0,"name":"Shaded","section":"Shading Mode"},"sceneLighting":false,"audioPlay":false,"sceneViewState":{"showFog":false,"showMaterialUpdate":false,"showSkybox":false,"showFlares":false,"showImageEffects":false,"showParticleSystems":false},"in2DMode":false,"pivot":{"x":0.47709524631500246,"y":3.1825332641601564,"z":1.906116008758545},"rotation":{"x":-0.16805587708950044,"y":0.26208221912384035,"z":-0.04631335288286209,"w":-0.949205756187439},"size":2.7483789920806886,"orthographic":false}